Company,Company Name for Emails,Account Stage,# Employees,Industry,Website,Facebook Url,Website Status
PSC Flooring Ltd,PSC Flooring,Cold,3,construction,http://www.pscflooring.co.uk,https://www.facebook.com/PSC-Flooring-Ltd-796478567386118/,Offline
Tricas Flooring Limited,Tricas Flooring Limited,Cold,4,construction,http://www.tricasflooring.co.uk,,Offline
Thorpes Flooring,Thorpes Flooring,Cold,5,construction,http://www.thorpes-flooring.com,,Online
M2 Flooring Solutions Ltd,M2 Flooring Solutions,Cold,1,construction,http://www.m2flooringsolutions.co.uk,,Online
"Industrial Flooring Solutions Co., Ltd.",Industrial Flooring Solutions,Cold,2,construction,http://www.ifsco.com.vn,https://www.facebook.com/sancongnghiepco/,Offline
IRL Flooring | Flooring Specialists,IRL Flooring,Cold,4,construction,http://www.irlflooring.ae,https://www.facebook.com/irlflooring/,Online
Above All Epoxy Flooring,Above All Epoxy Flooring,Cold,3,construction,http://www.aboveallepoxy.com,https://www.facebook.com/AboveAllEpoxyFlooringLLC,Online
WOLFF Tools UK,WOLFF Tools UK,Cold,1,construction,http://www.wolff-tools.com,https://www.facebook.com/wolfftoolsnorthamerica,Online
CARTERS FLOORING (LEISURE) LIMITED,CARTERS FLOORING LIMITED,Cold,4,construction,http://www.carters-flooring.co.uk,,Online
The Flooring Co Ltd,The Flooring Co,Cold,8,construction,http://www.flooringco.co.uk,https://www.facebook.com/theflooringcoltd,Online
Preferred Flooring,Preferred Flooring,Cold,9,construction,http://www.preferredflooringmi.com,https://facebook.com/preferredflooringmi,Online
Abacus Flooring Solutions Limited,Abacus Flooring Solutions Limited,Cold,8,construction,http://www.abacusflooringsolutions.co.uk,,Online
AZ Flooring Inc.,AZ Flooring,Cold,6,construction,http://www.azflooring.net,,Offline
L. Cox Flooring,L. Cox Flooring,Cold,3,construction,http://www.lcoxflooring.com,https://facebook.com/L-Cox-Flooring-101083361821576/,Online
One Flooring,One Flooring,Cold,3,construction,http://www.oneflooring.co.uk,,Online
Veatu Flooring Ltd,Veatu Flooring,Cold,10,construction,http://www.veatuflooring.com,,Online
GB Flooring Group,GB Flooring Group,Cold,5,construction,http://www.gbflooring.org,,Online
Pinnacle Flooring Ltd,Pinnacle Flooring,Cold,9,construction,http://www.pinnacle.org.uk,,Offline
Advanced Flooring Systems,Advanced Flooring,Cold,4,construction,http://www.advancedflooringsystems.co.uk,https://www.facebook.com/pg/AdvancedFlooringSystems,Online
Durham Flooring Ltd,Durham Flooring,Cold,4,construction,http://www.durhamflooring.co.uk,https://www.facebook.com/DurhamFlooring/,Online
"Nexus Flooring, LLC.",Nexus Flooring,Cold,10,construction,http://www.nexus-flooring.com,https://www.facebook.com/people/Nexus-Flooring-LLC/100070274044996/,Offline
Middlesex Flooring Ltd,Middlesex Flooring,Cold,10,construction,http://www.middlesexflooring.com,,Online
AHTE FLOORING LLC,AHTE FLOORING,Cold,6,construction,http://www.ahteflooring.com,,Online
1UP Floors,1UP Floors,Cold,7,construction,http://www.1upfloors.com,https://www.facebook.com/1UPFloors/,Online
Gridline Flooring Ltd,Gridline Flooring,Cold,7,construction,http://www.gridlineflooring.co.uk,,Online
Anointed Flooring Inc,Anointed Flooring,Cold,10,construction,http://www.anointedflooring.com,https://facebook.com/pages/Anointed-Flooring-Inc/160917893992766,Online
Gravity Flooring,Gravity Flooring,Cold,2,construction,http://www.gravityflooring.net,,Offline
Hill Country Flooring,Hill Country Flooring,Cold,4,construction,http://www.hillcountryflooring.com,,Offline
GNR Industrial Flooring Ltd,GNR Industrial Flooring,Cold,5,construction,http://www.gnrflooring.co.uk,https://www.facebook.com/profile.php,Online
Rees Flooring Limited,Rees Flooring Limited,Cold,10,construction,http://www.reesflooring.com,,Online
"Aztec Flooring, Inc",Aztec Flooring,Cold,9,construction,http://www.aztecflooring.net,,Offline
Rexwood Flooring,Rexwood Flooring,Cold,6,construction,http://www.rexwoodflooring.com,,Online
CTM Flooring,CTM Flooring,Cold,10,construction,http://www.ctmflooring.com.au,https://www.facebook.com/WheelhouseDigital/,Offline
Hennessy Flooring Ltd,Hennessy Flooring,Cold,2,construction,http://www.hennessy-flooring.co.uk,https://www.facebook.com/hennessyflooring,Online
Florock Polymer Flooring,Florock Polymer Flooring,Cold,5,construction,http://www.florock.net,https://facebook.com/florock,Online
CONTRACT FLOORING ASSOCIATION,CONTRACT FLOORING ASSOCIATION,Cold,9,construction,http://www.cfa.org.uk,,Online
Flooring Solutions,Flooring Solutions,Cold,2,construction,http://www.flooringsolutionsni.com,,Offline
Lasercroft Resin Flooring,Lasercroft Resin Flooring,Cold,10,construction,http://www.lasercroft.com,https://www.facebook.com/Lasercroft-Flooring-487480967977221,Online
Precision Flooring Sydney,Precision Flooring Sydney,Cold,5,construction,http://www.precisionflooring.com.au,,Online
ActiCrete LTD - Specialist Resin Flooring Solutions,ActiCrete,Cold,1,construction,http://www.acticrete.co.uk,https://www.facebook.com/ActiCrete,Online
Know-How Flooring Sydney,Know-How Flooring Sydney,Cold,2,construction,http://www.knowhowflooring.com.au,,Online
Be Floored,Be Floored,Cold,9,construction,http://www.befloored.com.au,,Online
Multi-Hire Power Tools Limited - Flooring machine hire and sales.,Multi-Hire Power Tools Limited,Cold,8,construction,http://www.multi-hire.co.uk,https://www.facebook.com/multihirepowertoolslimited/,Online
"FCICA, the Flooring Contractors Association",FCICA the Flooring Contractors Association,Cold,1,construction,http://www.fcica.com,https://www.facebook.com/FCICA-136101516527688/,Online
Limitless Flooring,Limitless Flooring,Cold,10,construction,http://www.limitlessflooring.co.uk,,Offline
Resin Flooring Specialists,Resin Flooring Specialists,Cold,5,construction,http://www.resinflooringuk.com,https://www.facebook.com/Resin-Flooring-Specialists-265575883513427,Offline
Oakley Products,Oakley Products,Cold,6,construction,http://www.oakleyproductssw.co.uk,,Online
Aspect Flooring Solutions Ltd,Aspect Flooring Solutions,Cold,5,construction,http://www.aspectflooringsolutions.co.uk,,Online
Designer Epoxy Solutions,Designer Epoxy Solutions,Cold,1,construction,http://www.deskentucky.com,,Offline
"Sencor Flooring Co., Ltd.",Sencor Flooring,Cold,2,construction,http://www.sencorfloor.com,,Offline
Falcon Solution Ltd,Falcon Solution,Cold,8,construction,http://www.falconsolutionbd.com,https://www.facebook.com/falconsolutionltdbd,Offline
"Stanley Flooring, UK",Stanley Flooring UK,Cold,2,construction,http://www.stanley-flooring.com,,Offline
Flowstone Industrial Flooring Ltd,Flowstone Industrial Flooring,Cold,4,construction,http://www.ukindustrialflooring.co.uk,https://www.facebook.com/Flowstone-Industrial-Flooring-Ltd-710086709019646/info,Online
Adapt Flooring Ltd,Adapt Flooring,Cold,4,construction,http://www.adaptflooring.co.uk,,Online
Contract Flooring Supplies,Contract Flooring Supplies,Cold,6,construction,http://www.contractflooring.ie,https://www.facebook.com/cfsltd/,Online
"National Flooring Contractors Apprenticeship Program, Inc",National Flooring Contractors Apprenticeship Program,Cold,1,construction,http://www.nfcap.org,,Online
FEX Flooring Experts Co.,FEX Flooring Experts,Cold,2,construction,http://www.fex-sa.com,,Offline
Southern Oaks Flooring,Southern Oaks Flooring,Cold,2,construction,http://www.southernoaksflooring.com,https://www.facebook.com/southernoaksflooring/,Online
Concord Flooring Inc,Concord Flooring,Cold,8,construction,http://www.concordflooring.ca,,Online
Munoz Flooring Solutions,Munoz Flooring Solutions,Cold,8,construction,http://www.munozfloors.com,,Online
Conway Flooring and Decking,Conway Flooring and Decking,Cold,2,construction,http://www.conwayflooring.co.za,https://www.facebook.com/conwayflooringanddecking/,Online
Rylex Flooring,Rylex Flooring,Cold,8,construction,http://www.rylexflooring.com.au,https://www.facebook.com/Rylex-Flooring-2062736307358943/,Offline
Prestige Flooring (Bristol) Ltd,Prestige Flooring,Cold,1,construction,http://www.prestigeflooringltd.co.uk,https://www.facebook.com/people/Prestige-Flooring-Bristol/100027689396878/,Online
Darwin Fisher Commercial Flooring,Darwin Fisher Commercial Flooring,Cold,3,construction,http://www.darwinfisher.com,,Online
FLOOR MASTER - Flooring Specialist UAE,FLOOR MASTER,Cold,6,construction,http://www.floormaster.ae,https://www.facebook.com/FLOORMASTER.AE,Online
FloorPro,FloorPro,Cold,6,construction,http://www.shopfloorpro.com,,Offline
BlackRock Industrial Flooring,BlackRock Industrial Flooring,Cold,7,construction,http://www.blackrockindustrial.com,https://www.facebook.com/blackrockindustrial/,Offline
Claymore Specialist Contracting,Claymore Specialist Contracting,Cold,6,construction,http://www.claymore-me.com,,Online
DECO CRETE,DECO CRETE,Cold,9,construction,http://www.decocrete.eu,,Offline
Rebuildit Inc,Rebuildit,Cold,9,construction,http://www.rebuild-it.com,https://www.facebook.com/Rebuild-it-Services-Group-784981438257258/,Online
360 Degree Flooring Ltd,360 Degree Flooring,Cold,3,construction,http://www.360degreeflooring.co.uk,https://www.facebook.com/360degreeflooring,Online
SURFACE SYSTEMS LIMITED,SURFACE SYSTEMS LIMITED,Cold,5,construction,http://www.surfacesystems.co.uk,,Online
Columbia Cabinets & Interiors,Columbia Cabinets & Interiors,Cold,2,construction,http://www.columbiacabinets.com,,Online
Best Deck & Flooring,Best Deck & Flooring,Cold,6,construction,http://www.bestdeck.co.za,https://www.facebook.com/bestdeck/,Online
Weknowflooring,Weknowflooring,Cold,2,construction,http://www.weknowflooring.co.uk,http://www.facebook.com/ndbwkfsss/,Online
Ultimate Flooring Australia,Ultimate Flooring Australia,Cold,5,construction,http://www.ultimateflooringaustralia.com.au,https://www.facebook.com/ultimateflooringaust,Online
Nationwide Flooring Contracts Limited,Nationwide Flooring Contracts Limited,Cold,5,construction,http://www.nationwideflooring.co.uk,https://www.facebook.com/Nationwide-Flooring-578541778978635/,Online
IMPERIAL FLOORING AUSTRALIA,IMPERIAL FLOORING AUSTRALIA,Cold,2,construction,http://www.imperialflooringaustralia.com.au,https://www.facebook.com/imperialflooringaustralia/,Online
AMS Nyathi Flooring,AMS Nyathi Flooring,Cold,2,construction,http://www.amsnyathigroup.co.za,https://www.facebook.com/AmsNyathiGroup/,Online
Flooring Center USA,Flooring Center USA,Cold,9,construction,http://www.flooringcenterusa.com,,Offline
Urban Flooring Systems,Urban Flooring,Cold,7,construction,http://www.urbanflooringsystems.com,,Online
Sydney Flooring Group,Sydney Flooring Group,Cold,4,construction,http://www.sydneyflooringgroup.com.au,https://facebook.com/sydneyflooring/,Offline
Waddington Flooring,Waddington Flooring,Cold,3,construction,http://www.waddingtonflooring.co.uk,https://www.facebook.com/profile.php,Online
Bravo Flooring,Bravo Flooring,Cold,9,construction,http://www.bravosfloorcovering.com,,Offline
RGD Construction Las Vegas,RGD Construction Las Vegas,Cold,6,construction,http://www.rgdlv.com,,Online
Hoff Parquet,Hoff Parquet,Cold,1,construction,http://www.hoffparquet.co.uk,https://www.facebook.com/HoffParquetUK/,Online
Network Flooring & Maintenance,Network Flooring & Maintenance,Cold,6,construction,http://www.networkflooring.net,,Online
Columbus Epoxy Flooring,Columbus Epoxy Flooring,Cold,2,construction,http://www.columbusepoxyflooring.com,https://www.facebook.com/ColumbusEpoxyFlooring/,Offline
Kingston Flooring,Kingston Flooring,Cold,8,construction,http://www.kingstonfloors.com,https://facebook.com/KingstonFlooring,Online
Gemstone Surfaces Ltd,Gemstone Surfaces,Cold,2,construction,http://www.gemstone-surfaces.com,https://www.facebook.com/GemstoneSurfacesLtd,Online
Cotswold Natural Stone Masonry Ltd,Cotswold Natural Stone Masonry,Cold,3,construction,http://www.apsmasonry.com,,Online
Floorcare USA,Floorcare USA,Cold,10,construction,http://www.floorcare-usa.com,https://www.facebook.com/Floorcareusa,Offline
GR Flooring,GR Flooring,Cold,5,construction,http://www.grflooring.ca,https://www.facebook.com/GRFlooringInc/,Online
BON VIEW TRADING,BON VIEW TRADING,Cold,9,construction,http://www.bvtrading.co.za,,Online
supagold.london,supagold.london,Cold,10,construction,http://www.supagold.london,,Online
Concrete Flooring Network Ltd,Concrete Flooring Network,Cold,3,construction,http://www.concreteflooringnetwork.co.uk,,Offline
Conren Resin Flooring Limited,Conren Resin Flooring Limited,Cold,10,construction,http://www.conrenresinflooring.com,,Online
Ryebrook Resins Flooring Ltd - Resin Floor Contractors,Ryebrook Resins Flooring,Cold,10,construction,http://www.ryebrook.co.uk,https://www.facebook.com/RyebrookResins,Online
Degafloor Ltd,Degafloor,Cold,9,construction,http://www.degafloor.com,https://www.facebook.com/DegafloorLtd,Online
Zenith Flooring,Zenith Flooring,Cold,4,construction,http://www.zenithflooring.co.uk,,Online
MDFITOUT LIMITED,MDFITOUT LIMITED,Cold,8,construction,http://www.mdfitout.co.uk,https://www.facebook.com/mdfitout,Online
Partner Flooring,Partner Flooring,Cold,2,construction,http://www.partnerflooring.com,,Online
Olympian Marble Corporation,Olympian Marble,Cold,2,building materials,http://www.olympianmarble.com,,Online
ELITE RENOVATIONS ACT,ELITE RENOVATIONS ACT,Cold,1,construction,http://www.eliterenoact.com,,Online
"CI Flooring, LLC.",CI Flooring,Cold,8,construction,http://www.ciflooringllc.com,https://www.facebook.com/CI-Flooring-LLC-110425418428646,Online
Flooring Direct NZ,Flooring Direct NZ,Cold,7,construction,http://www.flooringdirect.co.nz,,Online
SR Vloeren,SR Vloeren,Cold,9,construction,http://www.sr-vloeren.nl,,Online
NOBEL Flooring,NOBEL Flooring,Cold,7,construction,http://www.nobelflooring.com,https://www.facebook.com/nobelflooring/,Online
Ryno Custom Flooring,Ryno Custom Flooring,Cold,3,construction,http://www.rynofloors.com,https://facebook.com/RynoCustomFloors,Offline
BRT Flooring,BRT Flooring,Cold,2,construction,http://www.brtflooring.com,,Online
CRT Flooring Specialists Ltd,CRT Flooring Specialists,Cold,8,construction,http://www.crtflooringspecialists.co.uk,https://www.facebook.com/crtflooringspecialists/,Online
New Homes Flooring,New Homes Flooring,Cold,10,construction,http://www.newhomesflooring.co.uk,,Online
